<?xml version="1.0" encoding="UTF-8" ?>
<XMLDB PATH="local/competency/db" VERSION="2018092500" COMMENT="XMLDB for Competencies"
    xmlns:xsi="http://www.w3.org/2001/XMLSchema-instance"
    xsi:noNamespaceSchemaLocation="../../../lib/xmldb/xmldb.xsd">
  <TABLES>
    <TABLE NAME="local_competencies" COMMENT="table for competencies">
      <FIELDS>
        <FIELD NAME="id" TYPE="int" LENGTH="10" NOTNULL="true" SEQUENCE="true"/>
        <FIELD NAME="oldid" TYPE="int" LENGTH="10" NOTNULL="false" DEFAULT="0" SEQUENCE="false"/>
        <FIELD NAME="name" TYPE="text" LENGTH="big" NOTNULL="true" SEQUENCE="false"/>
        <FIELD NAME="arabicname" TYPE="text" LENGTH="big" NOTNULL="true" SEQUENCE="false"/>
        <FIELD NAME="code" TYPE="char" LENGTH="225" NOTNULL="true" SEQUENCE="false"/>
        <FIELD NAME="type" TYPE="char" LENGTH="225" NOTNULL="true" SEQUENCE="false"/>
        <FIELD NAME="level" TYPE="char" LENGTH="225" NOTNULL="true" SEQUENCE="false"/>
        <FIELD NAME="jobroleid" TYPE="text" LENGTH="big" NOTNULL="true" SEQUENCE="false"/>
        <FIELD NAME="description" TYPE="text" LENGTH="big" NOTNULL="false" SEQUENCE="false"/>
        <FIELD NAME="timecreated" TYPE="int" LENGTH="10" NOTNULL="true" SEQUENCE="false"/>
        <FIELD NAME="timemodified" TYPE="int" LENGTH="10" NOTNULL="false" DEFAULT="0" SEQUENCE="false"/>
        <FIELD NAME="usercreated" TYPE="int" LENGTH="10" NOTNULL="true"  SEQUENCE="false"/>
        <FIELD NAME="usermodified" TYPE="int" LENGTH="10" NOTNULL="false" DEFAULT="0" SEQUENCE="false"/>
      </FIELDS>
      <KEYS>
        <KEY NAME="primary" TYPE="primary" FIELDS="id" />
      </KEYS>
    </TABLE>
    <TABLE NAME="local_competency_pc" COMMENT="table for competency performance">
      <FIELDS>
        <FIELD NAME="id" TYPE="int" LENGTH="10" NOTNULL="true" SEQUENCE="true"/>
        <FIELD NAME="oldid" TYPE="int" LENGTH="10" NOTNULL="false" DEFAULT="0" SEQUENCE="false"/>
        <FIELD NAME="competency" TYPE="int" LENGTH="10" NOTNULL="true" SEQUENCE="false"/>
        <FIELD NAME="criterianame" TYPE="text" LENGTH="big" NOTNULL="true" SEQUENCE="false"/>
        <FIELD NAME="criterianamearabic" TYPE="text" LENGTH="big" NOTNULL="true" SEQUENCE="false"/>
        <FIELD NAME="kpiname" TYPE="text" LENGTH="big" NOTNULL="true" SEQUENCE="false"/>
        <FIELD NAME="kpinamearabic" TYPE="text" LENGTH="big" NOTNULL="true" SEQUENCE="false"/>
        <FIELD NAME="objectiveid" TYPE="text" LENGTH="big" NOTNULL="true" SEQUENCE="false"/>
        <FIELD NAME="objectiveidarabic" TYPE="text" LENGTH="big" NOTNULL="true" SEQUENCE="false"/>
        <FIELD NAME="timecreated" TYPE="int" LENGTH="10" NOTNULL="true" SEQUENCE="false"/>
        <FIELD NAME="timemodified" TYPE="int" LENGTH="10" NOTNULL="false" DEFAULT="0" SEQUENCE="false"/>
        <FIELD NAME="usercreated" TYPE="int" LENGTH="10" NOTNULL="true"  SEQUENCE="false"/>
        <FIELD NAME="usermodified" TYPE="int" LENGTH="10" NOTNULL="false" DEFAULT="0" SEQUENCE="false"/>
      </FIELDS>
      <KEYS>
        <KEY NAME="primary" TYPE="primary" FIELDS="id" />
      </KEYS>
    </TABLE>
    <TABLE NAME="local_competencypc_obj" COMMENT="table for competency objectives">
      <FIELDS>
        <FIELD NAME="id" TYPE="int" LENGTH="10" NOTNULL="true" SEQUENCE="true"/>
        <FIELD NAME="oldid" TYPE="int" LENGTH="10" NOTNULL="false" DEFAULT="0" SEQUENCE="false"/>
        <FIELD NAME="competency" TYPE="int" LENGTH="10" NOTNULL="true" SEQUENCE="false"/>
        <FIELD NAME="competencypc" TYPE="int" LENGTH="10" NOTNULL="true" SEQUENCE="false"/>
        <FIELD NAME="examids" TYPE="text" LENGTH="big" NOTNULL="false" SEQUENCE="false"/>
        <FIELD NAME="questionids" TYPE="text" LENGTH="big" NOTNULL="false" SEQUENCE="false"/>
        <FIELD NAME="jobrolelevelids" TYPE="text" LENGTH="big" NOTNULL="false" SEQUENCE="false"/>
        <FIELD NAME="trainingprogramids" TYPE="text" LENGTH="big" NOTNULL="false" SEQUENCE="false"/>
        <FIELD NAME="timecreated" TYPE="int" LENGTH="10" NOTNULL="true" SEQUENCE="false"/>
        <FIELD NAME="timemodified" TYPE="int" LENGTH="10" NOTNULL="false" DEFAULT="0" SEQUENCE="false"/>
        <FIELD NAME="usercreated" TYPE="int" LENGTH="10" NOTNULL="true"  SEQUENCE="false"/>
        <FIELD NAME="usermodified" TYPE="int" LENGTH="10" NOTNULL="false" DEFAULT="0" SEQUENCE="false"/>
      </FIELDS>
      <KEYS>
        <KEY NAME="primary" TYPE="primary" FIELDS="id" />
      </KEYS>
    </TABLE>
    <TABLE NAME="local_cmtncypc_completions" COMMENT="table for competency pc completions">
      <FIELDS>
        <FIELD NAME="id" TYPE="int" LENGTH="10" NOTNULL="true" SEQUENCE="true"/>
        <FIELD NAME="oldid" TYPE="int" LENGTH="10" NOTNULL="false" DEFAULT="0" SEQUENCE="false"/>
        <FIELD NAME="trainingprogramid" TYPE="int" LENGTH="10" NOTNULL="false" DEFAULT="0" SEQUENCE="false"/>
        <FIELD NAME="examid" TYPE="int" LENGTH="10" NOTNULL="false" DEFAULT="0" SEQUENCE="false"/>
        <FIELD NAME="competencyid" TYPE="int" LENGTH="10" NOTNULL="true" SEQUENCE="false"/>
        <FIELD NAME="competencypcid" TYPE="int" LENGTH="10" NOTNULL="true" SEQUENCE="false"/>
        <FIELD NAME="userid" TYPE="int" LENGTH="10" NOTNULL="true" SEQUENCE="false"/>
        <FIELD NAME="completion_status" TYPE="int" LENGTH="2" NOTNULL="false" DEFAULT="0" SEQUENCE="false"/>
        <FIELD NAME="completiondate" TYPE="int" LENGTH="10" NOTNULL="false" DEFAULT="0" SEQUENCE="false"/>
        <FIELD NAME="usercreated" TYPE="int" LENGTH="10" NOTNULL="true" SEQUENCE="false"/>
        <FIELD NAME="timecreated" TYPE="int" LENGTH="10" NOTNULL="true" SEQUENCE="false"/>
        <FIELD NAME="usermodified" TYPE="int" LENGTH="10" NOTNULL="false" DEFAULT="0" SEQUENCE="false"/>
        <FIELD NAME="timemodified" TYPE="int" LENGTH="10" NOTNULL="false" DEFAULT="0" SEQUENCE="false"/>
      </FIELDS>
      <KEYS>
        <KEY NAME="primary" TYPE="primary" FIELDS="id" />
      </KEYS>
    </TABLE>
    <TABLE NAME="local_cmtncy_completions" COMMENT="table for competency completions">
      <FIELDS>
        <FIELD NAME="id" TYPE="int" LENGTH="10" NOTNULL="true" SEQUENCE="true"/>
        <FIELD NAME="competencyid" TYPE="int" LENGTH="10" NOTNULL="true" SEQUENCE="false"/>
        <FIELD NAME="userid" TYPE="int" LENGTH="10" NOTNULL="true" SEQUENCE="false"/>
        <FIELD NAME="completion_status" TYPE="int" LENGTH="2" NOTNULL="false" DEFAULT="0" SEQUENCE="false"/>
        <FIELD NAME="completiondate" TYPE="int" LENGTH="10" NOTNULL="false" DEFAULT="0" SEQUENCE="false"/>
        <FIELD NAME="usercreated" TYPE="int" LENGTH="10" NOTNULL="true" SEQUENCE="false"/>
        <FIELD NAME="timecreated" TYPE="int" LENGTH="10" NOTNULL="true" SEQUENCE="false"/>
        <FIELD NAME="usermodified" TYPE="int" LENGTH="10" NOTNULL="false" DEFAULT="0" SEQUENCE="false"/>
        <FIELD NAME="timemodified" TYPE="int" LENGTH="10" NOTNULL="false" DEFAULT="0" SEQUENCE="false"/>
      </FIELDS>
      <KEYS>
        <KEY NAME="primary" TYPE="primary" FIELDS="id" />
      </KEYS>
    </TABLE>
</TABLES>
</XMLDB>